0027676463,The Night Before Christmas
0060557818,Neverwhere: A Novel
0425284689,Before We Were Yours: A Novel
0804192898,Make Me: A Jack Reacher Novel
0061992259,The One and Only Ivan
0141022043,Blink - The Power Of Thinking Without Thinking
0312352557,Still Life: A Chief Inspector Gamache Novel
0743554450,A Thousand Splendid Suns: A Novel
0986842222,The Color of Heaven
1471118630,Never Too Far (Tempting Too Far Novel)
1476753180,Ugly Love: A Novel
1944083014,Judgment Cometh: and That Right Soon (Joe Dillard Series) (Volume 8)
0002171856,The Sas Survival Handbook
0147520762,"The Girl in the Spider's Web: A Lisbeth Salander novel, continuing Stieg Larsson's Millennium Series"
0312577230,The Great Alone: A Novel
1468139339,Wait For Me
0151008116,Life of Pi
0316175676,The Snow Child: A Novel
0615953948,Mind's Eye
1477826580,The American Lady (The Glassblower Trilogy)
1503935310,Everything We Keep: A Novel
0143121707,The Invention of Wings
0375433392,"The Hard Way (Jack Reacher, No. 10"
0544025830,Coming Clean: A Memoir
1476707634,Drinking and Tweeting: And Other Brandi Blunders
1477819967,Mrs. Saint and the Defectives: A Novel
1477822585,The Last Town (Wayward Pines)
1503953319,The Queen's Poisoner (Kingfountain)
6077547328,"Maze Runner. Correr o Morir / Maze Runner, Run or die (Spanish Edition)"
0006545793,Brave New World
0983398038,The Rockstar's Daughter: (Treadwell Academy Series #1)
0099557266,Playing for Pizza
B003156C4E,Fellowship of the Ring (Lord of the Rings Part 1)
0028180054,A Wrinkle in Time
0099580470,Shift (Wool Trilogy)
0143106708,Twelve Years a Slave (Penguin Classics)
B00714PZMQ,Quiet: The Power of Introverts in a World That Can't Stop Talking
0316228532,The Casual Vacancy
074356619X,"The Secret (Unabridged, 4-CD Set)"
1455576506,The Coincidence of Callie &amp; Kayden
1463514581,Twenty-Eight and a Half Wishes (A Rose Gardner Mystery)
1477808663,The Game Changer: A Novel
1491598778,The Good Neighbor
1503939308,Exhume (Dr. Schwartzman)
1503935183,The Last Woman Standing: A Novel
0061997161,The Pioneer Woman: Black Heels to Tractor Wheels--A Love Story
0147525071,Extreme Prey (A Prey Novel)
0739453939,90 Minutes in Heaven
1477822593,Dead Certain: A Novel (Broden Legal)
1534640150,Earth Alone: Earthrise Book 1
0140285628,The Man in the High Castle (Essential Penguin)
0425246043,The Perfect Hope (The Inn Boonsboro Trilogy)
0307967115,My Name Is Lucy Barton: A Novel
0375969020,Wonder
0763644765,Potty (Leslie Patricelli board books)
0765326264,A Dog's Purpose: A Novel for Humans
1410493415,The Life We Bury (Wheeler Large Print Book Series)
1476755590,Real (The REAL series)
0375434542,Origin: A Novel (Robert Langdon)
1478288892,Sentence of Marriage: Promises to Keep (Volume 1)
1536690872,All the Little Children
0345539788,Red Rising
0399179135,Lilac Girls
0141328290,Thirteen Reasons Why
0060539836,Kill the Competition
B00EJQY4BM,The First Phone Call from Heaven: A Novel
0385346859,The Dinner
1520396074,Inheritance: A Psychological Mystery and Suspense Thriller
B0002P0FFS,Lies My Teacher Told Me: Everything Your American History Textbook Got Wrong
0028180062,The Call of the Wild with related readings
0060794410,Good to Great CD: Why Some Companies Make the Leap.And Others Don't
1542722829,Silent Child
B00CYZC5S4,Anne Of Green Gables
0060391448,Wicked: The Life and Times of the Wicked Witch of the West
0615351913,Once We Were Brothers
1433688670,"Fervent: A Woman's Battle Plan to Serious, Specific and Strategic Prayer"
1472229959,The Letter
B017WJ5PR4,"Harry Potter and the Deathly Hallows, Book 7"
0062409883,Go Set a Watchman: A Novel
0140434186,Wuthering Heights (Penguin Classics)
0142428280,Fall of Giants (The Century Trilogy)
0192831992,Ben-Hur (Oxford World's Classics)
1475070306,UnEnchanted: An Unfortunate Fairy Tale (Unfortunate Fairy Tale;[bk. 1])
0143170104,The Girl Who Played with Fire (Millennium Series)
0451414128,Missing You
0800757181,Daughter of Joy (Brides of Culdee Creek)
0143142364,World Without End (Kingsbridge)
1581344368,"The Holy Bible: English Standard Version, Reference Edition"
0312364083,Firefly Lane
1410447863,"An Invisible Thread: The True Story of an 11-Year-Old Panhandler, a Busy Sales Executive, and an Unlikely Meeting with Destiny (Wheeler Large Print Book Series)"
0091900212,Think and Grow Rich
0230755062,The Language of Flowers
0692213740,In Between (A Katie Parker Production) (Volume 1)
0975599518,Natural Cures &quot;They&quot; Don't Want You To Know About
0310515025,"Seeking Allah, Finding Jesus: A Devout Muslim Encounters Christianity"
0316346624,The Tipping Point: How Little Things Can Make a Big Difference
1250034469,Be Careful What You Wish For: A Novel (The Clifton Chronicles)
1250158060,Fire and Fury: Inside the Trump White House
140883233X,Throne of Glass
1501132938,The Woman in Cabin 10
0062378082,The Nazi Officer's Wife: How One Jewish Woman Survived the Holocaust
0099619105,Trump - The Art Of The Deal
0230749259,Innocent (Will Robie series)
0345486455,"Healthy Sleep Habits, Happy Child: A Step-by-Step Program for a Good Night's Sleep, 3rd Edition"
1477809783,Terms of Enlistment (Frontlines)
1484009290,Noble Beginnings: A Jack Noble Novel
1501188291,Gwendy's Button Box: A Novella
0132268310,The Lost Symbol (Dan Brown)
1410478750,The Wright Brothers (Thorndike Press Large Print Popular and Narrative Nonfiction Series)
151738799X,The Air He Breathes (Elements)
0140283331,Lord of the Flies
B015QPEV9E,The Call of the Wild eBook
1477823832,The Paper Magician
1503953866,The Secret Healer
0061441848,Eat Right for Your Type
B000X1MX7E,The Pillars of the Earth
0340822775,Cloud Atlas
1455134767,The Amateur: Barack Obama in the White House
1463717091,Abducted
1501110365,It Ends with Us: A Novel
0062065246,The Round House
0141339578,Prodigy
0991677196,CyberStorm
1477829865,Bum Rap (Jake Lassiter Legal Thrillers)
0007350783,Emma (Collins Classics)
0140390197,The Scarlet Letter: A Romance (The Penguin American Library)
0345528670,The Aviator's Wife: A Novel
0988348268,Jane's Melody
1455530093,13 Hours: The Inside Account of What Really Happened In Benghazi
0312641893,Cinder
0316376469,"The Food Babe Way: Break Free from the Hidden Toxins in Your Food and Lose Weight, Look Years Younger, and Get Healthy in Just 21 Days!"
0739474979,Water For Elephants
1478230096,"Les Miserables In Plain and Simple English: Includes Study Guide, Historical Context, Biography, and Character Index"
0061928178,Beautiful Ruins: A Novel
0091923530,"The 4-hour Workweek: Escape the 9-5, Live Anywhere and Join the New Rich"
0718077296,"Same Kind of Different As Me Movie Edition: A Modern-Day Slave, an International Art Dealer, and the Unlikely Woman Who Bound Them Together"
1501228722,Crazy Little Thing (A Bell Harbor Novel)
0143109464,Me Before You: A Novel (Movie Tie-In) (Me Before You Trilogy)
0529120887,Jesus Calling: Enjoying Peace in His Presence
B000LP5E8M,The God Delusion
069289344X,Dangerous
0857207113,A Stolen Life: A Memoir
1460995457,The Soulkeepers (The Soulkeepers Series) (Volume 1)
0857208691,Kill Shot (The Mitch Rapp Series)
1442369213,Rush Revere and the First Patriots: Time-Travel Adventures With Exceptional Americans (Audio CD)
1477829822,The Prettiest One: A Thriller
0345807294,The Circle
0385336667,"Persuader (Jack Reacher, No. 7)"
0399157565,The Bone Bed (Scarpetta)
081298840X,When Breath Becomes Air
141047383X,Revival (Thorndike Press Large Pring Basic)
1477830812,The Girl from Krakow: A Novel
1896350542,Squall
0027164403,Dear Zoo (Dear Zoo &amp; Friends)
0307341577,Dark Places
0310205719,The Purpose Driven Life
0349410828,Apprentice in Death: 43
0449012751,The Unlikely Pilgrimage of Harold Fry: A Novel
0451417054,The King: A Novel of the Black Dagger Brotherhood
1943893179,Craving (Steel Brothers Saga Book 1)
0525955100,"Home (Myron Bolitar, No. 11)"
0615581927,Reason to Breathe: The Breathing Series (Volume 1)
125000098X,Best Kept Secret (The Clifton Chronicles)
147782314X,One Lavender Ribbon
1543644325,Pandemic (Extinction Files)
1912106949,NO EXIT a gripping thriller full of heart-stopping twists
006226835X,Yes Please
0307476073,Wild: From Lost to Found on the Pacific Crest Trail
0470560770,Better Homes and Gardens New Cook Book
148231780X,Tongue Twisters for Kids
0141976144,"Wreck This Journal: To Create is to Destroy, Now With Even More Ways to Wreck!"
0316225983,The Late Show
1611735270,The Harbinger: The Ancient Mystery That Holds the Secret of America's Future (Thorndike Christian Mystery)
0142800422,Alexander Hamilton
0307943232,The Racketeer
0385349947,"Lean In: Women, Work, and the Will to Lead"
1455568872,"Crisis of Character: A White House Secret Service Officer Discloses His Firsthand Experience with Hillary, Bill, and How They Operate"
1780674880,Enchanted Forest: An Inky Quest &amp; Coloring Book
0062060554,Before I Go to Sleep: A Novel
0099134012,Time to Kill Paper If Available
1101911921,Our Souls at Night (Vintage Contemporaries)
1447259297,The Target
1477820280,P.S. from Paris (US edition)
0425273865,Captivated by You (Crossfire)
0062454943,"The Rainbow Comes and Goes: A Mother and Son On Life, Love, and Loss"
0143127500,One Plus One: A Novel
0310209749,"Boundaries: When To Say Yes, How to Say No"
0316206857,The Cuckoo's Calling (Cormoran Strike)
0486789640,Creative Haven Creative Cats Coloring Book (Adult Coloring)
0505527847,Trouble in Mudbug
0060890681,The Last Anniversary: A Novel
0393072231,The Big Short: Inside the Doomsday Machine
0764218913,"The Essential Tozer Collection: The Pursuit of God, The Purpose of Man, and The Crucified Life"
1494557223,Archer's Voice
1623363586,Thug Kitchen: The Official Cookbook: Eat Like You Give a F*ck (Thug Kitchen Cookbooks)
0001048767,Othello: Complete &amp; Unabridged
0099576457,"Merry Christmas, Alex Cross: (Alex Cross 19)"
0141034262,Three Cups of Tea
0307275639,"Tuesdays with Morrie: An Old Man, a Young Man, and Life's Greatest Lesson"
0743572203,Liberty and Tyranny: A Conservative Manifesto
099047982X,Fluency (Confluence)
1410482596,Killing Reagan: The Violent Assault That Changed A Presidenc (Wheeler Publishing Large Print Hardcover)
1477809732,The Line (Witching Savannah)
1503936864,Blood on the Tracks (Sydney Rose Parnell)
1939457319,The 20/20 Diet: Turn Your Weight Loss Vision Into Reality
0446580856,Radiant Angel (A John Corey Novel)
045141411X,Six Years
060637387X,You Are A Badass (Turtleback School &amp; Library Binding Edition)
1477825975,The Neon Lawyer
0060125314,The Odyssey of Homer
B00006JO24,The 48 Laws of Power
0230748228,Only Time Will Tell
0307282961,"Twilight (The Twilight Saga, Book 1)"
0385393938,X (A Kinsey Millhone Novel)
0606256725,Out Of My Mind (Turtleback School &amp; Library Binding Edition)
0988667908,Go Pro: 7 Steps to Becoming a Network Marketing Professional
1536617636,D DAY Through German Eyes: The Hidden Story of June 6th 1944
0142800376,"The Gunslinger (The Dark Tower, Book 1)"
0329258400,Harry Potter and the Prisoner of Azkaban
0374374562,Little Humans
0811877825,"Goodnight, Goodnight Construction Site"
B0016L6KZ6,"City of Ashes: The Mortal Instruments, Book Two"
0310081122,"NIV, Thinline Bible, Large Print, Imitation Leather, Brown, Red Letter Edition"
0399173358,Full Force and Effect (Jack Ryan)
0575081406,"The Name of the Wind (Kingkiller Chronicles, Day 1)"
0989768414,Hardwired (The Hacker Series)
1490527516,Nora Roberts Land (Dare Valley)
1503941892,The Night Bird (Frost Easton)
0143108867,After You: A Novel (Me Before You Trilogy)
0151010196,Those Who Save Us
031623480X,"Grain Brain: The Surprising Truth about Wheat, Carbs,  and Sugar--Your Brain's Silent Killers"
0718077954,The Wedding Dress
080509668X,Killing Patton: The Strange Death of World War II's Most Audacious General (Bill O'Reilly's Killing Series)
1492123595,30 Pieces of Silver
1503935205,The Body Reader (Detective Jude Fontaine Mysteries)
0004244079,Little Women
0007444117,Allegiant
0062110845,The Golem and the Jinni: A Novel (P.S.)
0345542924,Top Secret Twenty-One (Stephanie Plum)
0446520594,"Many Lives, Many Masters: The True Story of a Prominent Psychiatrist, His Young Patient, and the Past Life Therapy That Changed Both Their Lives"
0553393235,The Happiest Baby on the Block; Fully Revised and Updated Second Edition: The New Way to Calm Crying and Help Your Newborn Baby Sleep Longer
0743572750,City of Ashes (The Mortal Instruments)
0993862500,Blood and Justice: A Private Investigator Mystery Series (A Jake &amp; Annie Lincoln Thriller) (Volume 1)
1629982423,"The Mystery of the Shemitah: The 3,000-Year-Old Mystery That Holds the Secret of America's Future, the World's Future, and Your Future!"
0345534530,Empty Mansions: The Mysterious Life of Huguette Clark and the Spending of a Great American Fortune
0345539869,Morning Star: Book 3 of the Red Rising Saga (Red Rising Series)
1451649320,The Lake House: A Novel
1613757808,Four Blood Moons: Something Is About to Change
0316069515,The Gods of Guilt (A Lincoln Lawyer Novel)
B00COF9TL0,Dad Is Fat
0843961449,First to Kill
1468161660,Slammed
1503936171,Interference
0385296479,Daughters
030794963X,Duty: Memoirs of a Secretary at War
031060530X,The Hiding Place
000735083X,The Adventures of Sherlock Holmes (Collins Classics)
006195070X,Orphan Train: A Novel
0316176494,Life After Life: A Novel
1477820450,The Gemini Effect
0307886263,Is Everyone Hanging Out Without Me? (And Other Concerns)
0316026697,The Host
1455584916,And the Good News Is...: Lessons and Advice from the Bright Side
1477824944,Hello Love
0345533666,Defending Jacob: A Novel
0451230825,Injustice For All (Joe Dillard)
0615553028,A Hidden Fire: Elemental Mysteries Book 1
144238820X,The Survivor (A Mitch Rapp Novel)
1475031904,Breakthrough
1477829407,The Einstein Prophecy
147813223X,Louisiana Longshot: A Miss Fortune Mystery (Volume 1)
0385541171,The Rooster Bar
0761463275,Angelfall (Penryn &amp; the End of Days)
B000FK9M18,Hobbit
0062347268,America's First Daughter: A Novel
0316211273,Unlucky 13 (Women's Murder Club)
0393609391,Astrophysics for People in a Hurry
0991379667,Hudson (Fixed Series) (Volume 4)
1481882902,Rushed
B001HDIE3O,"What to Expect When You're Expecting, Third Edition"
0307706591,The Scorch Trials
0425259862,Shadow Spell (Cousins O'Dwyer)
0230754902,Zero Day (John Puller series)
0385353308,Station Eleven
0544272994,What If?: Serious Scientific Answers to Absurd Hypothetical Questions
060632416X,Joyland (Turtleback School &amp; Library Binding Edition) (Hcc)
0671315285,7 Habits Of Highly Effective People
0692282343,Quantum Lens
1503936805,Tier One (Tier One Thrillers)
0003302245,Dracula (Collins Drama)
0316011770,The Historian
0307273571,A Week in Winter
1455536253,The Guilty (Will Robie series)
0142001740,The Secret Life of Bees
0552778478,The Light Between Oceans: The heartbreaking Richard and Judy bestseller
0805098542,Killing Jesus (Bill O'Reilly's Killing Series)
0842384898,Holy Bible Text Edition NLT (Hardcover)
1469208504,Hidden (A Bone Secrets Novel)
0399170871,Obsession in Death
1477824243,The Naturalist
0007350961,Frankenstein (Collins Classics)
0007449313,Pride &amp; Prejudice (Collins Classics)
0316001821,The Lovely Bones: Deluxe Edition
1477848665,Stillhouse Lake
1531865313,StrengthsFinder 2.0
B017V4IPPO,"Harry Potter and the Chamber of Secrets, Book 2"
0024181900,"The Elements of Style, Third Edition"
0099521296,The Water's Edge
0099911701,Cross Stitch
030770663X,"The Death Cure (Maze Runner, Book Three) (The Maze Runner Series)"
0312495412,First 100 Words (Bright Baby)
0553526936,Special Circumstances
1442360941,Walking Disaster
1479147109,Lily Lemon Blossom Welcome to Lily's Room
0307346609,World War Z: An Oral History of the Zombie War
0345543246,Sycamore Row (The Jake Brigance)
0399159347,The Husband's Secret
0615437850,The Gray and Guilty Sea: A Garrison Gage Mystery
0989104400,Falling Into You
1503937461,"Sisters One, Two, Three"
1503943925,Beach Lawyer
0141188936,Atlas Shrugged
0307730697,Fearless: The Undaunted Courage and Ultimate Sacrifice of Navy SEAL Team SIX Operator Adam Brown
0375432329,The Five People You Meet in Heaven (Random House Large Print)
0891097287,The Message: The New Testament in Contemporary English
1477830049,The Perfect Son
0139357432,The Underground Railroad
0425263908,Bared to You
0544320832,My Mother Was Nuts
144238493X,MONEY Master the Game: 7 Simple Steps to Financial Freedom
148261376X,The Arrangement
1628600543,It Starts With Food: Discover the Whole30 and Change Your Life in Unexpected Ways
0340835451,My Sister's Keeper
0544838262,Dust (Silo Trilogy) (Volume 3)
1449966128,A Child of A Crack Head
0606322639,The Hit (Turtleback School &amp; Library Binding Edition)
1477665412,Barely Breathing: The Breathing Series (Volume 2)
1501180126,Reasons to Vote for Democrats: A Comprehensive Guide
0007351054,The Picture of Dorian Gray (Collins Classics)
0316405388,Invisible
0785289623,"Love &amp; Respect, Special edition w/DVD"
1477820884,The Mermaid's Sister
0316335614,The Last Lecture
0345505336,Hotel on the Corner of Bitter and Sweet: A Novel
0385336675,"The Enemy (Jack Reacher, No. 8)"
0385368267,Eleanor &amp; Park
054774501X,The Hangman's Daughter (Hangman's Daughter Tales) (A Hangman's Daughter Tale)
1478121734,Love Yourself Like Your Life Depends On It
B0000DYXQZ,The Namesake
0007173156,"Oh, the Thinks You Can Think! Green Back Book"
1476765340,Collide: Book One in the Collide Series
0001050230,"Love's Labour's Lost: Performed by Derek Jacobi, Geraldine McEwan &amp; Cast"
0140440410,Anna Karenin
0143129430,Thomas Jefferson and the Tripoli Pirates: The Forgotten War That Changed American History
0143144391,The Magicians: A Novel (Magicians Trilogy)
B002DY9LZQ,"The Devil in the White City: Murder, Magic, and Madness at the Fair That Changed America"
1420146874,Maid for Love (Gansett Island)
1477828737,A Dark Lure
1503945545,The Professor (McMurtrie and Drake Legal Thrillers)
0061257095,The Shoemaker's Wife: A Novel
0143038419,"Eat, Pray, Love: One Woman's Search for Everything Across Italy, India and Indonesia"
0230749283,The Forgotten
0385349173,"Things That Matter: Three Decades of Passions, Pastimes and Politics [Deckled Edge]"
0671447866,The Official Scrabble Players Dictionary
0765309408,Old Man's War
1469216051,Pines (Wayward Pines)
1501200267,Her Final Breath (The Tracy Crosswhite Series)
1503934993,The Temporary Agent (The Agent)
0007433298,Portrait of a Spy
0141043768,"What Alice Forgot: From the bestselling author of Big Little Lies, now an award winning TV series"
0307277674,The Da Vinci Code (Robert Langdon)
0349407762,The Obsession
0399159894,Whiskey Beach
0297833936,The Illustrated Hitch-hiker's Guide to the Galaxy
034612557X,Teach Your Child to Read in 100 Easy Lessons
1469228009,The One That Got Away
1477820272,The Glassblower (The Glassblower Trilogy)
0143170090,The Girl with the Dragon Tattoo
031604461X,Breaking Dawn Special Edition (The Twilight Saga)
0399159010,Let's Pretend This Never Happened: (A Mostly True Memoir)
1455521299,King and Maxwell (King &amp; Maxwell)
0099664313,Drums of Autumn
0140861750,"The Invisible Man (Classic, 20th-Century, Audio)"
0141033576,"Thinking, Fast and Slow"
0544609719,The Whole30: The 30-Day Guide to Total Health and Food Freedom
1439199353,The Boston Girl: A Novel
1501099027,The Mating: The Original Law of the Lycans story
0099464462,Time Traveler's Wife
0385257406,A Breath Of Snow And Ashes
0525492127,Night School: A Jack Reacher Novel
1432842323,Untitled Personal Essays (Thorndike Press Large Print Popular and Narrative Nonfiction)
1941695078,The Vampire's Mail Order Bride (Nocturne Falls) (Volume 1)
B00ZX99WE8,The Moonlit Garden eBook
0316278157,The Girl With All the Gifts
0385340559,"Bad Luck and Trouble (Jack Reacher, No. 11)"
1476741182,Wallbanger (The Cocktail Series)
1477827021,Tucker's Way
1500697974,Leap
B0082QFEZ0,Further Chronicles of Avonlea - Kindle edition
0061042536,Gifted Hands: The Ben Carson Story
0140373535,The Count of Monte Cristo (Puffin Classics) : Abridged
0307877183,The Paris Wife: A Novel
1469227886,The Bloodletter's Daughter: A Novel of Old Bohemia (Novels of Old Bohemia)
1683990021,And Then She Was GONE: A riveting new suspense novel
0143144626,"Lover Avenged (Black Dagger Brotherhood, Book 7)"
0316027650,Eclipse (Twilight Sagas)
1442369183,Rush Revere and the Brave Pilgrims: Time-Travel Adventures with Exceptional Americans
1503947874,A Death in Sweden
0312537409,Abandon
141433625X,The Auschwitz Escape
0091937523,With the Old Breed: The World War Two Pacific Classic
0140143491,The Storyteller
0143127527,The Book of Life: A Novel (All Souls Trilogy)
034554305X,The Heist: A Novel (Fox and O'Hare)
0439064864,Harry Potter and the Chamber of Secrets
0982618492,Wired
7208061645,The Kite Runner (Chinese Edition)
0062073184,The English Girl
0062316869,The Girl Who Came Home: A Novel of the Titanic (P.S.)
0316225940,The Wrong Side of Goodbye (A Harry Bosch Novel)
1592983073,Deadly Stillwater
0545582881,Harry Potter and the Sorcerer's Stone (Book 1)
0805096663,Killing Kennedy: The End of Camelot
0307749495,The Affair: A Jack Reacher Novel
0451216954,"Dark Lover (Black Dagger Brotherhood, Book 1)"
0486796647,Creative Haven Owls Coloring Book (Adult Coloring)
1439173249,Ameritopia: The Unmaking of America
1495307352,Raw
0008102147,The Secret Wife
0091955106,"The Life-Changing Magic of Tidying: A simple, effective way to banish clutter forever"
0316225886,The Crossing (A Harry Bosch Novel)
0446691437,The War of Art: Break Through the Blocks and Win Your Inner Creative Battles
088070909X,"On Becoming Baby Wise, Book 1"
1477827226,Flirting with Felicity
1503938719,"Evelyn, After: A Novel"
1503943941,Little Boy Lost
0451468740,No Easy Day: The Firsthand Account of the Mission that Killed Osama Bin Laden
0671715445,What to Expect When You're Expecting
145558651X,No Man's Land (John Puller Series)
1477819681,The Man of Legends
1503938778,Ocean of Storms
B00Y21VGYW,A Death in Sweden - Kindle edition
0099481685,Skipping Christmas
0316210870,12th of Never (Women's Murder Club)
1500986194,The Lost Starship
B000BGS8T8,The Complete Sherlock Holmes (Volume One)
0060558121,American Gods
0345504992,The Twelve (Passage)
0385683421,A Spool of Blue Thread
0399168796,Gathering Prey (A Prey Novel)
0451239350,Lover At Last: A Novel of the Black Dagger Brotherhood
0575097418,Words of Radiance: The Stormlight Archive Book Two
0802407692,The 5 Love Languages Military Edition: The Secret to Love That Lasts
1410483673,Theres More To Life Than This (Thorndike Press Large Print Lifestyles)
006019832X,Hope to Die (Matthew Scudder Mysteries)
0091906814,How to Win Friends and Influence People
0756410576,The Slow Regard of Silent Things (Kingkiller Chronicle)
1492718475,Innocent in Las Vegas: A Humorous Tiffany Black Mystery (Tiffany Black Mysteries) (Volume 1)
1683247353,Beneath a Scarlet Sky (Center Point Large Print)
0030565073,"Holt McDougal Library, High School with Connections: Individual Reader 1984"
0615824285,Maid for Love (The McCarthys of Gansett Island Series) (Volume 1)
1477818243,Moving Day: A Thriller
0061658197,The Pioneer Woman Cooks: Recipes from an Accidental Country Girl
0062457713,The Subtle Art of Not Giving a F*ck: A Counterintuitive Approach to Living a Good Life
0141185627,The Little Prince&quot; and &quot;Letter to a Hostage&quot; (Penguin Modern Classics Translated Texts S.)
0143127551,Everything I Never Told You
0307582884,"The Maze Runner (Maze Runner, Book One) (The Maze Runner Series)"
0385537859,Inferno
0385541198,The Whistler
1503953386,When I'm Gone: A Novel
1939416205,A Quest of Heroes: Book #1 in the Sorcerer's Ring
014014773X,The Things They Carried (Contemporary American Fiction)
0141027126,War Brides
0312850093,"The Eye of the World (The Wheel of Time, Book 1)"
0345544978,Small Great Things: A Novel
0395083664,The Armada (The American Heritage Library)
0544334485,Johnny Carson
0553418025,The Martian
0062320084,The Heist (Gabriel Allon)
0307749649,Never Go Back: A Jack Reacher Novel
0316055433,The Goldfinch: A Novel (Pulitzer Prize for Fiction)
0679444327,The Warmth of Other Suns: The Epic Story of America's Great Migration
0988301318,Fallen Too Far
1503948706,Say You're Sorry (Morgan Dane)
0007925565,Moby Dick (Collins Classics)
0140434917,The Hunting of the Snark : An Agony in Eight Fits (Penguin Classics)
0307885151,A Short History of Nearly Everything: Special Illustrated Edition
1444798847,The One Thing: The Surprisingly Simple Truth Behind Extraordinary Results
1477818065,The Unwanted Wife
1492747890,Secrets of a Side Bitch
0007368658,The Great Gatsby (Collins Classics)
0060786469,Love Medicine (Perennial Modern Classics)
0143105531,The Book of Mormon (Penguin Classics)
0310419034,"NIV, Life Application Study Bible, Large Print, Leathersoft, Pink/Purple"
0316306797,Hollow City
0425259854,Dark Witch (Cousins O'Dwyer)
0241003636,Flash Boys
0385344430,Written in My Own Heart's Blood (Outlander)
147674355X,Hopeless
1477818294,In Farleigh Field: A Novel of World War II
0316056871,Bossypants
0374360960,The Pout-Pout Fish (A Pout-Pout Fish Adventure)
1609580834,"The Care and Keeping of You: The Body Book for Younger Girls, Revised Edition (American Girl Library)"
0062200585,NOS4A2: A Novel
0307932540,Notorious Nineteen: A Stephanie Plum Novel
0316210900,Cross My Heart (Alex Cross)
0385341008,The Guernsey Literary and Potato Peel Pie Society
0399128298,As a Man Thinketh (Family Inspirational Library)
1463604815,The Good Lawyer: A Novel
1469217090,Apocalypse Z: The Beginning of the End
1467917109,The Last Call: A Bill Travis Mystery
147782801X,Crow Hollow
1939962315,"The Billionaire's Obsession: The Complete Collection: Mine For Tonight, Mine For Now, Mine Forever, Mine Completely"
0307987647,A Clash of Kings: A Song of Ice and Fire: Book Two
141046668X,Field Of Prey (Thorndike Press Large Print Basic)
1442365528,Red Sparrow: A Novel
1477848150,Timebound (The Chronos Files)
009917961X,The Rainmaker
0345504976,The Passage: A Novel (Book One of The Passage Trilogy)
0425259870,Blood Magick (Cousins O'Dwyer)
1477820876,The Dead Key
1611749271,The Art Forger
B00Y68O6WK,Cross Justice: (Alex Cross 23) - Kindle edition
006017322X,To Kill a Mockingbird
0140437681,Treasure Island (Penguin Classics)
1475143389,Bigger Leaner Stronger: The Simple Science of Building the Ultimate Male Body (The Build Healthy Muscle Series)
1480504246,Brilliance (The Brilliance Trilogy)
0141036249,"Outliers, The Story of Success"
0307939693,The Orphan Master's Son: A Novel
B017LGAKEQ,The Temporary Agent (The Agent Book 1) eBook
1442381221,Beautiful Bastard
0007230206,Wolf Hall (Thomas Cromwell)
0030845742,"Brown bear, brown bear, what do you see? (A Bill Martin instant reader)"
0060194480,A People's History of the United States: 1492 to the Present
0310428041,"NIV Study Bible, Leathersoft, Tan/Blue, Indexed, Red Letter Edition"
0399144676,"Tripwire (Jack Reacher, No. 3)"
0764202677,"The Widow of Larkspur Inn (The Gresham Chronicles, Book 1)"
0996135669,Vicious (Sinners of Saint) (Volume 1)
000711835X,The Hobbit
0060175400,The Poisonwood Bible
0061969559,"I Am Number Four (Lorien Legacies, Book 1)"
0099771519,Memoirs of a Geisha Uk
0316098329,Room
0399162380,Field of Prey
0931432820,The Complete Book of Essential Oils and Aromatherapy
1441766073,"Bonhoeffer: Pastor, Martyr, Prophet, Spy: A Righteous Gentile vs. the Third Reich"
1503943429,A Criminal Defense (Philadelphia Legal)
B001180MB2,Dune
0151015392,The Princess Bride (Fox): S. Morgenstern's Classic Tale of True Love and High Adventure
0385316917,Special Delivery
0786965606,Player's Handbook (Dungeons &amp; Dragons)
1410440478,11/22/63 (Thorndike Press Large Print Core)
0007181701,Fahrenheit 451
0007378033,Unbroken: An Extraordinary True Story of Courage and Survival
0062325388,Flesh and Blood CD: A Scarpetta Novel (Kay Scarpetta Series)
0356502481,Blood Song: Book 1 of Raven's Shadow
0385660073,The Kite Runner
0684824906,Team of Rivals: The Political Genius of Abraham Lincoln
0989450252,Crashed (The Driven Trilogy)
B00ES25FBA,Night
0091939526,"4-Hour Body An Uncommon Guide to Rapid Fat-Loss, Incredible Sex and Becoming Superhuman"
0297859382,Gone Girl
0571179924,Casino
147003655X,Deadly Offerings (Volume 1)
1491591846,Follow You Home
B001C4VLZQ,Hobbit and Lord of the Rings Trilogy - Boxed Set of 4 Books
0307962520,Prince Lestat
0310330718,America the Beautiful: Rediscovering What Made This Nation Great
0439228905,Black Beauty (Scholastic Classics)
0446568813,Rich Dad Poor Dad (What the Rich Teach Their Kids About Money - That the Poor and Middle Class Do Not!)
0957652232,Sleep Tight
1477808701,Wayward (Wayward Pines)
0007554850,The Girl with Seven Names
0307475255,Into Thin Air: A Personal Account of the Mt. Everest Disaster
034551162X,Aftermath: Star Wars: Journey to Star Wars: The Force Awakens
0399159371,The Witness
0399162372,Deadline (A Virgil Flowers Novel)
0671015206,The Millionaire Next Door
0758605323,"The Holy Bible: English Standard Version, Concordia Deluxe Reference Edition, ESV"
1623156122,The Instant Pot Electric Pressure Cooker Cookbook: Easy Recipes for Fast &amp; Healthy Meals
0007119550,"A Storm of Swords: Part 2 Blood and Gold (A Song of Ice and Fire, Book 3)"
0061728985,"Act Like a Lady, Think Like a Man: What Men Really Think About Love, Relationships, Intimacy, and Commitment"
0140390316,The Jungle (The Penguin American Library)
0641866240,The Glass Castle
1476753164,Maybe Someday
0062205579,A Prayer for Owen Meany
044630557X,Upstairs at the White House
0446547654,The Best of Me
0451412729,In Good Faith (Joe Dillard)
0785262180,Total Money Makeover
1442362383,Doctor Sleep: A Novel
B0000547HM,On Writing: A Memoir of the Craft
031612091X,"Eat to Live: The Amazing Nutrient-Rich Program for Fast and Sustained Weight Loss, Revised Edition"
0991140230,Bright Side
1250010713,The Silent Sister: A Novel
1910751774,The Girl in the Ice: A gripping serial killer thriller (Detective Erika Foster crime thriller novel) (Volume 1)
0007271239,The Art of Racing in the Rain
006058405X,Motor Mouth (Alex Barnaby Series #2)
0307272591,Bad Monkey
031218008X,One Thousand White Women: The Journals of May Dodd
0613171373,A Child Called It: One Child's Courage To Survive (Turtleback School &amp; Library Binding Edition)
0800788036,Laugh-Out-Loud Jokes for Kids
1477849734,No Ordinary Billionaire (The Sinclairs)
000720924X,Looking for Alaska
006073132X,Freakonomics: A Rogue Economist Explores the Hidden Side of Everything - by Steven D. Levitt &amp; Stephen J. Dubner
0062301233,"Elon Musk: Tesla, SpaceX, and the Quest for a Fantastic Future"
0399157573,Dust
0849946158,Heaven is for Real: A Little Boy's Astounding Story of His Trip to Heaven and Back
0985777338,A Family Affair (Truth in Lies) (Volume 1)
1492976423,Making Faces
0002247399,A Dance with Dragons
0982717105,Storm Clouds Rolling In
0989450201,Driven ((The Driven Trilogy))
0312356854,Sarah's Key
0312655479,How the Light Gets In: A Chief Inspector Gamache Novel
0373266154,Murder on the Mind: A Jeff Resnick Mystery
0544264975,Hidden
0805093079,Killing Lincoln: The Shocking Assassination that Changed America Forever (Bill O'Reilly's Killing Series)
1439152802,The Secret Keeper: A Novel
0061992704,Sh*t My Dad Says
0143130609,George Washington's Secret Six: The Spy Ring That Saved the American Revolution
0345539834,Golden Son: Book 2 of the Red Rising Saga (Red Rising Series)
0374264260,The Silver Linings Playbook: A Novel
1502446936,Stepbrother Dearest
0140434968,Bleak House
1455571156,The Fix (Memory Man series)
0340824255,Land of Painted Caves
1410472922,A Man Called Ove (Thorndike Press Large Print Core Series)
1451621388,Brain on Fire: My Month of Madness
0316349895,Career of Evil (A Cormoran Strike Novel)
0762454970,E-Squared: Nine Do-It-Yourself Energy Experiments that Prove Your Thoughts Create Your Reality [Miniature Edition] (Miniature Editions)
1416502491,7 Habits of Highly Effective People
1878424319,The Four Agreements: A Practical Guide to Personal Freedom (A Toltec Wisdom Book)
B0006EVIKG,The Armada (Easton Press)
0007141424,The Giver (Collins Modern Classics)
0062225448,Reconstructing Amelia: A Novel
037543075X,The Rescue (Random House Large Print)
0399146237,Running Blind
0441008534,"Dead Until Dark  (Sookie Stackhouse/True Blood, Book 1)"
0451211634,Hostile Witness
1477823476,Vanished (Callahan &amp; McLane)
1616440724,To Train Up a Child: Child Training for the 21st Century
0002247437,A Feast for Crows (Song of Ice and Fire)
0060740221,Shakespeare: The World as Stage (Eminent Lives)
0062265423,"10% Happier: How I Tamed the Voice in My Head, Reduced Stress Without Losing My Edge, and Found Self-Help That Actually Works--A True Story"
0340943831,Battlefield of the Mind: Winning the Battle in Your Mind
1492291560,The Mind Readers (The Mind Readers Series)
1503939448,Say Goodbye for Now
1979172846,Betrayal
0316225908,Two Kinds of Truth (A Harry Bosch Novel)
0385689225,Born a Crime
1250022118,A Great Reckoning: A Novel (Chief Inspector Gamache Novel)
1477825576,My Sister's Grave (Tracy Crosswhite)
0307743659,The Shining
0385523394,Orange Is the New Black: My Year in a Women's Prison
0762454873,I Declare: 31 Promises to Speak Over Your Life Running Press Miniature Edition (Miniature Editions)
1477848355,Secondborn
000755236X,Daniel Silva Thriller 6
0140177388,Cannery Row
030788743X,Ready Player One
0062218832,Etched in Sand: A True Story of Five Siblings Who Survived an Unspeakable Childhood on Long Island
006226303X,The Ocean at the End of the Lane CD: A Novel
0143125842,The Signature of All Things: A Novel
0307283666,Harry Potter and the Half-Blood Prince (Book 6)
0312354355,The Long Way Home
0316245283,Miss Peregrine's Home for Peculiar Children: The Graphic Novel (Miss Peregrine's Peculiar Children: The Graphic Novel)
0030664128,Holes
0062678418,The Woman in the Window: A Novel
0091816971,Who Moved My Cheese?: An A-Mazing Way to Deal with Change in Your Work and in Your Life
0399593489,The Midnight Line: A Jack Reacher Novel
0613237528,The Perks Of Being A Wallflower (Turtleback School &amp; Library Binding Edition)
0765317583,One Second After (A John Matherson Novel)
1408839121,Heir of Fireno. 3 (Throne of Glass)
1484076249,A Shade Of Vampire 2: A Shade Of Blood
0553292587,Dark Matter
1556114931,Green Lake
0062433229,Departure
0356500950,Cold Days: A Dresden Files Novel (The Dresden Files)
0385539258,A Little Life: A Novel
1440072035,"Typee: A Peep at Polynesian Life, During a Four Months Residence in a Valley of the Marquesas, Vol. 1 (Classic Reprint)"
1441731326,"The China Study, Revised and Expanded Edition: The Most Comprehensive Study of Nutrition Ever Conducted and the Startling Implications for Diet, Weight Loss, and Long-Term Health"
1503281981,The Irish Cottage (Travel Romance Series BETH)
1503954064,"White Rose, Black Forest"
B0076JPX46,Where the Red Fern Grows
0297851527,Sharp Objects
0345542975,Tricky Twenty-Two: A Stephanie Plum Novel
0060094273,Goodnight Moon Board Book &amp; Baby Socks
014242613X,Theodore Boone: The Accused
0316225932,The Burning Room (A Harry Bosch Novel)
0439249546,Harry Potter (4 Volumes set)
1477822089,Trail of Broken Wings
B001L7RCGG,Gone with the Wind
0025853503,"Gone With the Wind, The Margaret Mitchell Anniversary Edition"
006085880X,The Pact: A Love Story
0399164456,The Collector
1480522813,Guns
0786012668,Cold Fear
1101946342,Grey: Fifty Shades of Grey as Told by Christian (Fifty Shades of Grey Series)
1910751243,The Girl With No Past: A gripping psychological thriller
0006064922,The Holy Bible from the ancient Eastern text : George M. Lamsa's translations from the Aramaic of the Peshitta
0451417089,The Shadows (Black Dagger Brotherhood)
0525497145,A Column of Fire (Kingsbridge)
0788844164,Sing Along Songs:Lion King - Circle
1477820469,Miramont's Ghost
1930448384,"The CalorieKing Calorie, Fat, &amp; Carbohydrate Counter 2012 Larger Print Edition (Calorieking Calorie, Fat &amp; Carbohydrate Counter (Larger Print Edition))"
0143125478,The Boys in the Boat: Nine Americans and Their Epic Quest for Gold at the 1936 Berlin Olympics
0307749606,A Wanted Man: A Jack Reacher Novel
0007420412,Divergent
097901977X,The Miracle Morning: The Not-So-Obvious Secret Guaranteed to Transform Your Life (Before 8am)
1503933385,We're All Damaged
0062491792,Commonwealth
0136879721,The Power of Your Subconcious Mind
0446612774,Long Time Coming
0452296366,This Is Where I Leave You: A Novel
1628600020,"Practical Paleo, 2nd Edition (Updated and Expanded): A Customized Approach to Health and a Whole-Foods Lifestyle"
0140385622,The Diary of a Young Girl: Definitive Edition
0307989909,Circling the Sun: A Novel
141046900X,Mr. Mercedes
1410493547,Killing The Rising Sun: How America Vanquished World War II Japan (Wheeler Publishing Large Print Book Series)
B00FJ3AC10,Natchez Burning: A Novel (Penn Cage Book 4) - Kindle edition
0307245934,The Miraculous Journey of Edward Tulane
0751541184,The Time Keeper
006056492X,Slaughterhouse Five
0307280721,"Eldest (Inheritance, Book 2)"
0425266060,Bared to You / Reflected in You / Entwined with You
1401940676,"Dying To Be Me: My Journey from Cancer, to Near Death, to True Healing"
1470381788,Finding Me
1501257544,The Atlantis Plague (The Origin Mystery)
1934193798,Great Food Fast : Bob Warden's Ultimate Pressure Cooker Recipes
0307731715,"To Heaven and Back: A Doctor's Extraordinary Account of Her Death, Heaven, Angels, and Life Again: A True Story"
0310435609,"NIV, Thinline Craft Collection Bible, Hardcover, Tan/Purple, Red Letter Edition"
0316408751,14th Deadly Sin (Women's Murder Club)
0345514408,I Know Why the Caged Bird Sings
0345543254,Gray Mountain: A Novel
0778316556,The Good Girl (English Edition)
1477848827,I Am Livia
1517028817,The Grave Man - A Sam Prichard Novel (The Sam Prichard Series) (Volume 1)
1530126894,"The Pursuit of God: AW Tozer, Christian classics: The Pursuit of God"
0099740915,The Handmaid's Tale (Contemporary Classics)
0134374940,Night: With Connected Readings
0525955097,Fool Me Once
1455124176,The Art of Hearing Heartbeats: A Novel
1461085977,Flat-Out Love
1503945626,Life and Other Near-Death Experiences
1612185304,Supreme Justice (Reeder and Rogers Thriller)
0060899220,Kitchen Confidential Updated Edition: Adventures in the Culinary Underbelly (P.S.)
0451414136,The Stranger
0595440096,Still Alice
0890425558,"Diagnostic and Statistical Manual of Mental Disorders, 5th Edition: DSM-5"
1503933547,The Light of the Fireflies
0263234541,Waking Up Married (Mills &amp; Boon Hardback Romance)
0606371192,Secret Garden: An Inky Treasure Hunt And Coloring Book (Turtleback School &amp; Library Binding Edition)
0615590586,The Pecan Man
0718079183,The Magnolia Story
0749958790,Proof of Heaven: A Neurosurgeon's Journey into the Afterlife
1250066115,How Not to Die: Discover the Foods Scientifically Proven to Prevent and Reverse Disease
0030554179,Animal Farm with Connections (HRW Library Study Guides)
0743566572,City of Bones (The Mortal Instruments)
0140277633,Easy Way to Stop Smoking
0340820462,On Writing
0982301820,10-Day Green Smoothie Cleanse: Lose Up to 15 Pounds in 10 Days!
1466287047,Russo's Gold
1501086138,Maude
0399167447,Somewhere Safe with Somebody Good (Mitford)
0692312374,A Crime of Passion (Joe Dillard Series Book 7) (Volume 7)
0758278454,What She Left Behind
1250000971,The Sins of the Father (The Clifton Chronicles)
0006895492,Essentials of Human Anatomy and Physiology- Text Only 8th edition by Elaine N. Marieb (2006) Paperback
0060518049,The Secret History
0147524210,One Nation: What We Can All Do to Save America's Future
1987987039,Code Name Camelot - A Noah Wolf Thriller (Volume 1)
0307408868,Dead Wake: The Last Crossing of the Lusitania
0316557994,Extinction Horizon(The Extinction Cycle Book 1)
0340364777,It
1592642195,The Misremembered Man
0399160477,Command Authority (Jack Ryan)
0425256391,Dead Ever After (Sookie Stackhouse/True Blood)
0451482212,Between the World and Me
0671449028,The Going-To-Bed Book
0062270486,Spider Woman's Daughter (A Leaphorn and Chee Novel)
0399160450,"Threat Vector (Jack Ryan, Jr.)"
1410470997,Act Of War (Thorndike Press Large Print Core)
1503937623,Walk Into Silence (Jo Larsen)
1452605165,The Untethered Soul: The Journey Beyond Yourself
1250109302,One with You (Crossfire)
1442367636,The Liberty Amendments: Restoring the American Republic
1499616015,"77 Days in September: A Novel of Survival, Dedication, and Love (The Kyle Tait Series) (Volume 1)"
1501260235,The New Jim Crow: Mass Incarceration in the Age of Colorblindness
0091948177,The Fast Metabolism Diet: Lose Up to 20 Pounds in 28 Days: Eat More Food &amp; Lose More Weight
144235948X,Beautiful Disaster
1442384344,Finders Keepers: A Novel
1492707872,Girl Jacked
B011UNEZN8,The Last Girl (The Dominion Trilogy Book 1) eBook
0007450664,A Song of Ice and Fire: The Story So Far (5 Volumes)
0030554543,"Holt McDougal Library, High School with Connections: Individual Reader Narrative of the Life of Frederick Douglas"
0671207822,"Man's Search for Meaning: An Introduction to Logotherapy, Revised and Enlarged Edition"
0805448659,The Love Dare
0989450236,Fueled (The Driven Trilogy)
140885788X,A Court of Mist and Fury (Court of Thorns and Roses)
1477817182,Out of Breath (Breathing)
1491534583,The Afterlife of Billy Fingers: How My Bad-Boy Brother Proved to Me There's Life After Death
1503936724,The Buried Book
0385393997,Y is for Yesterday (A Kinsey Millhone Novel)
0385543026,Camino Island: A Novel
1503942767,Wives of War
0345544943,Leaving Time (with bonus novella Larger Than Life): A Novel
0451412656,AN Innocent Client (Joe Dillard)
0786224681,Left Behind: A Novel of the Earth's Last Days (Left Behind #1)
1442391235,The Japanese Lover
0739438069,redeeming Love
014219672X,On the Island
0345543017,Turbo Twenty-Three: A Stephanie Plum Novel
1469290103,Walk Me Home
B00F8F3J2S,Duty
0061351415,The Art of War: The New Translation (Harper Perennial Modern Classics)
0062561723,Commonwealth CD
0312069782,Battlefield Earth: A Saga of the Year 3000
0316199869,NYPD Red
0880801441,The Constitution of the United States
0984502203,Yellow Crocus: A Novel
1503936198,Blood Defense (Samantha Brinkman)
1503936902,A River in Darkness: One Man's Escape from North Korea
1786811138,The Missing Ones: An absolutely gripping thriller with a jaw-dropping twist (Detective Lottie Parker) (Volume 1)
0345542894,Takedown Twenty (Stephanie Plum)
091585600X,Alcoholics Anonymous: The Story of How Many Thousands of Men and Women Have Recovered from Alcoholism
1482066300,"The Lake: (The Lake Series, Book 1)"
1602600155,Know Your Bible: All 66 Books Explained and Applied (Value Books)
B000K5THYU,"THE LORD OF THE RINGS Trilogy - (The Fellowship of the Ring, The Return of the Ring, The Two Towers) - 3 BOOK SET (MOVIE COVERS)"
0988234807,"Saving Grace (What Doesn't Kill You, #1): A Katie Romantic Mystery"
1400116554,"Empire of the Summer Moon: Quanah Parker and the Rise and Fall of the Comanches, the Most Powerful Indian Tribe in American History"
1455540412,"Al Franken, Giant of the Senate"
B00CLMX0D4,The Miracle Morning: The Not-So-Obvious Secret Guaranteed to Transform Your Life - Before 8AM
0307408841,"In the Garden of Beasts: Love, Terror, and an American Family in Hitler's Berlin"
0316339377,The Murder House
034554398X,A Storm of Swords (HBO Tie-in Edition): A Song of Ice and Fire: Book Three
B00005TZY5,The Universe in a Nutshell
B00V731OIG,The English Spy
0755361881,Until Tuesday
0937611468,You Can  Heal Your Life (Unabridged)
1542046599,I Am Watching You
1612181953,The Barkeep
1943591024,The True Story of Fake News: How Mainstream Media Manipulates Millions
0062124277,Flight Behavior: A Novel
0312853238,Ender's Game (The Ender Quintet)
1484015800,Dark Space
B004N58TYW,"The Hiding Place Publisher: Blackstone Audio, Inc.; Unabridged edition"
1986566854,Of Mice and Men
B000GVWRVS,"Purpose-driven Life [Paperback]  by Warren        , Rick"
B00A9WRH3M,Great Expectations By Charles Dickens - The Franklin Library (Hardcover - 1979)
0143111582,Dune (Penguin Galaxy)
0307594882,My Beloved World
0312577222,The Nightingale: A Novel
0316044695,Lone Survivor: The Eyewitness Account of Operation Redwing and the Lost Heroes of SEAL Team 10
037032921X,The BOOK THIEF
0451165209,The Richest Man in Babylon
0553212737,Emma (Bantam Classics)
1410458229,Ordinary Grace (Thorndike Press Large Print Mystery)
147781826X,A Merciful Death (Mercy Kilpatrick)
0307743683,The Stand
0316404152,The Remaining
1503934152,The House by the Lake
0006280544,Mere Christianity
0316407046,Cross Justice (Alex Cross)
0739462911,Younger Next Year for Women - LARGE PRINT
1433805596,Publication Manual of the American Psychological Association
1503950255,The Short Drop (Gibson Vaughn)
0439804078,Chicka Chicka Boom Boom
1442384433,Code of Conduct: A Thriller
1503939324,From Sand and Ash
0007447868,A Feast for Crows
0060099402,The Giving Tree with Gift Card
0307266303,"Born to Run: A Hidden Tribe, Superathletes, and the Greatest Race the World Has Never Seen"
0307747441,Killers of the Flower Moon: The Osage Murders and the Birth of the FBI
044654759X,Safe Haven
1503936821,Doubt (Caroline Auden)
B0061YX9MU,The Book Case: A Short Story Featuring Detective John Corey
B01CIYURJE,Instant Pot Electric Pressure Cooker Cookbook
0316069434,The Black Box (A Harry Bosch Novel)
0451419707,On Dublin Street (On Dublin Street Series)
0001844423,Magician's Nephew - Folio Society Hardcover
000726755X,Odd Hours
0345472322,Mindset: The New Psychology of Success
0439139600,Harry Potter And The Goblet Of Fire
0781414024,Crazy Love: Overwhelmed by a Relentless God
0142800805,Shadow of the Wind
0439287197,Giraffes Can't Dance
0547744943,Elizabeth Street
0983492700,Irreparable Harm (Sasha McCandless Legal Thriller) (Volume 1)
1503950778,Ghost Gifts (A Ghost Gifts Novel)
0140012486,The Catcher in the Rye (Modern Classics S.)
0140324623,Anne of Green Gables
0439358078,Harry Potter And The Order Of The Phoenix
0739431234,"Candle in the Darkness  (Refiner's Fire, Book 1)"
1410491161,My Brilliant Friend (The Neapolitan Novels)
0099553473,Zoo (Zoo Series)
0307387178,Into the Wild
0439023521,The Hunger Games (Book 1)
0451218043,"Lover Eternal (Black Dagger Brotherhood, Book 2)"
1400203759,Love Does: Discover a Secretly Incredible Life in an Ordinary World
1455883549,The Gifts of Imperfection: Let Go of Who You Think You're Supposed to Be and Embrace Who You Are
0385342462,An Echo in the Bone: A Novel (Outlander)
0425252868,A Higher Call: An Incredible True Story of Combat and Chivalry in the War-Torn Skies of World War II
1477821937,Wreckage
0399142533,"Killing Floor (Jack Reacher, No. 1)"
1442360925,Agenda 21
1514792400,Blindsided - A Thriller
0062320165,The English Spy (Gabriel Allon)
0307010856,The Monster at the End of This Book
0310708257,The Jesus Storybook Bible: Every Story Whispers His Name
0316206873,The Silkworm (A Cormoran Strike Novel)
0812976894,Still Life with Bread Crumbs: A Novel
0857208748,The Last Man (Mitch Rapp)
110188696X,Troublemaker: Surviving Hollywood and Scientology
1501215213,The Atlantis World (The Origin Mystery)
1607105551,Sense and Sensibility (Word Cloud Classics)
0060586133,Three Wishes: A Novel
0307941515,The Litigators
1503934713,The Butterfly Garden (The Collector)
1503943372,Beneath a Scarlet Sky: A Novel
0062107321,The Valley of Amazement
0152056610,Little Blue Truck
038568231X,The Girl on the Train
0399167064,Big Little Lies
0606365273,The Escape (Turtleback School &amp; Library Binding Edition) (John Puller)
0812469496,Love You Forever
1433524724,ESV New Classic Reference Bible (Black)
1442378182,Rush Revere and the American Revolution: Time-Travel Adventures With Exceptional Americans
1477826106,Finding Rebecca
1503950646,The Moonlit Garden
1503952088,The Last Girl (The Dominion Trilogy)
1514193159,Dawn of Wonder (The Wakening) (Volume 1)
B00OPAJ7VO,A Shade of Vampire 2: A Shade of Blood
0099579936,Fifty Shades of Grey
0312330529,Shantaram: A Novel
0312857055,"Wizard's First Rule (Sword of Truth, Book 1)"
0007350856,The Jungle Book (Collins Classics)
0147524199,Winter of the World: Book Two of the Century Trilogy
0307265439,The Road
0356500276,Storm Front (Dresden Files (Unnumbered Paperback))
1250132363,Behind Closed Doors: A Novel
1535197722,The Gender Game (Volume 1)
0007155662,The Alchemist
0099302780,"GUNS, GERMS AND STEEL - A Short History of Everybody for the Last 13,000 Years"
0099456761,The Curious Incident of the Dog in the Night-Time
0312169787,The Red Tent: A Novel
0340979496,The Shack
0340992565,Under the Dome
0385539436,Rogue Lawyer: A Novel
080419257X,Zealot: The Life and Times of Jesus of Nazareth
014312577X,The Girl You Left Behind: A Novel
0345546881,The One &amp; Only: A Novel
1455548987,The Edge of Never
1477820019,Take Me With You
1495179400,The Tumor: A Non-Legal Thriller
014241493X,Paper Towns
0307957837,His Dark Materials: The Golden Compass / The Subtle Knife / The Amber Spyglass
037543318X,Angels &amp; Demons (Random House Large Print)
0425280101,Stars of Fortune (Guardians Trilogy)
1410445224,Steve Jobs: A Biography
1442366109,"Happy, Happy, Happy: My Life and Legacy as the Duck Commander"
1479370118,Awakened (Vampire Awakenings 1) (Volume 1)
0062429078,Pretty Girls
0310325501,Praying Circles around Your Children
1503950549,Justice Redeemed (Darren Street)
1503952231,While You Were Mine
1785770527,Silent Scream (D.I. Kim Stone)
0007350899,A Tale of Two Cities (Collins Classics)
0140569324,The Very Hungry Caterpillar (Picture Puffins)
0027701301,Hatchet
0030624266,The Wizard of Oz
0316290033,15th Affair (Women's Murder Club)
0374214913,Mr. Penumbra's 24-Hour Bookstore: A Novel
0446580848,The Panther (A John Corey Novel)
1439153663,The Kitchen House: A Novel
144947425X,Milk and Honey
1469291118,The Sisterhood
0141192496,Oliver Twist (Penguin Clothbound Classics)
0307966666,"Power of Habit, the (Lib)(CD)"
0310321913,One Thousand Gifts: A Dare to Live Fully Right Where You Are
0547745524,Awol on the Appalachian Trail
1469984202,Wool - Omnibus Edition
1517153158,Split Second
0062372106,Down the Rabbit Hole: Curious Adventures and Cautionary Tales of a Former Playboy Bunny
0375434321,"One Summer: America, 1927 (Random House Large Print)"
194205209X,The Housewife Assassin's Handbook (The Housewife Assassin Series) (Volume 1)
